brand,year,total_stores,new_open,terminate,cancel,transfer,avg_sales,area_sales
펙(Peck),0,0,0,0,0,0,12000,0
에밀리아(emilia),2023,20,12,0,2,0,1,1
닥치고 푸드,2023,6,1,0,9,0,7908,790
세븐브로이펍(7br&auml;u PUB),2018,2,0,0,0,0,0,0
상상식당,0,0,0,0,0,0,150774,7108
만뽀,2021,1,0,0,0,0,0,0
부산칠칠집,0,0,0,0,0,0,4,0
열공스터디카페,2020,25,4,0,0,4,111090,2104
만푸쿠,0,0,0,0,0,0,1,1
크렘드마롱,2021,2,2,0,0,0,2,1
배터지는생동까스,2023,84,9,0,15,2,173397,12664
라이프독,2019,1,1,0,5,0,0,0
새벽달,2018,5,2,2019,2,3,2,5
가든쿡,0,0,0,0,0,0,107208,4666
YBM홈스쿨,2020,408,17,0,4,1,7146,991
도쿄빙수,2021,8,0,0,7,1,107502,7166
메기매운탕전문점아우라지,2019,4,0,0,0,0,4,0
퍼사이공,0,0,0,0,0,0,263166,61921
올떡,0,0,0,0,0,0,4,0
팔공티,2021,272,40,58,0,23,96292,6985
치킨테리아,2021,1,0,0,1,0,0,0
야키토리 동작,2023,2,2,0,0,0,0,0
더바디스,2023,0,0,0,0,0,2,0
소소한일상의별난주점,2020,14,9,0,14,2021,54199,3940
핑크버스(PINKBUS),2021,0,1,0,0,0,0,1
권사부 순대국,2023,32,0,1,0,0,200956,9513
부타이,2023,2,1,0,0,0,562534,12586
헤일리스커피,0,0,0,0,0,0,98268,9820
동태랑,2023,0,0,0,0,0,212370,5172
권사부 마약칼국수,2023,18,0,3,0,0,166000,9251
인천콜,2022,2023,4,80,137,1354,1430,0
어부바시니어,0,0,0,0,0,0,264599,9230
정정아식당,0,0,0,0,0,0,341291,8495
하겐다즈,0,0,0,0,0,0,286194,17123
꽃찬등뼈찜,2021,10,10,0,0,0,0,0
제임스시카고피자,2018,7,0,0,4,0,371033,38993
2代맛태,0,0,0,0,0,0,3,1
명사순대,2018,5,5,1,5,2019,291465,6290
신의혼밥,2021,17,17,0,0,0,0,0
벤투스CC,0,0,0,0,0,0,142024,1397
고래냉면1980,2023,17,7,0,2,0,223193,12359
달빛한모금,2018,7,1,2,0,0,384158,6895
눈꽃빙수 꽃빙,0,0,0,0,0,0,202239,5936
슈퍼윙스키즈카페,2023,7,1,0,0,0,340323,2021
서개미치킨,2019,6,1,0,0,2,114396,3670
백성,0,0,0,0,0,0,2,1
야키토리 동작,2023,2,2,0,0,0,0,0
비턴,2021,63,1,12,9,1,111,0
원바이트피자클럽,2021,2,1,0,0,1,0,0
맛짱 마라탕,2023,10,10,0,0,0,279568,16812
어드벤처피아노,2023,84,4,10,0,0,86702,0
꿈을요리하다닭한끼,2019,2,1,1,0,0,0,0
조바우가마솥추어탕,0,0,0,0,0,0,1,1
다비치안경,2021,279,8,0,2,0,1023988,14699
이토우야 ITTOUYA,2018,7,7,0,0,0,189278,10419
고을래이베리코흑돼지,2019,8,0,0,1,0,562241,12752
옐로우스푼,2023,20,0,0,8,0,46484,4118
김수미의엄마손맛,0,0,0,0,0,0,260362,10607
고베규카츠,0,0,0,0,0,0,474476,12934
굿샵(Good Shop),0,0,0,0,0,0,190815,10699
다영신토불이,2019,13,0,0,1,0,331218,2113
류별난닭발,0,0,0,0,0,0,1,0
미스터톡톡(Mr TokTok),2019,6,0,0,5,0,348572,34875
새로이,0,0,0,0,0,0,1,0
와우곱창,2023,11,5,2,4,0,149649,7184
모미락,2021,19,5,0,0,0,282125,17560
The맛있는파닭,0,0,0,0,0,0,34811,2111
아기식당,2023,2,0,0,0,0,0,0
정아니의불타는여고24시떡볶이,0,0,0,0,0,0,4,0
야채꽃,0,0,0,0,0,0,3,0
한모둠,2020,38,0,0,6,1,300581,6919
어라운드스터디카페(A.round study cafe),0,0,0,0,0,0,91615,1725
후라이드바삭킹,2023,12,1,2,1,0,145813,16456
토핑빨,2021,2,1,0,0,0,0,1
강산면옥,0,0,0,0,0,0,1,1
MH백년수갈비,2023,22,4,0,2,0,427574,8861
타이거피자,2021,6,6,0,0,0,0,0
브로우돌(Brow-Doll),0,0,0,0,0,0,29212,2049
금도야지,2023,1,1,0,0,0,1,2
스시사쿠,0,0,0,0,0,0,769575,28983
위드아트,2023,2,0,0,0,0,35619,3097
한국계,2022,3,1,0,0,0,1123545,19412
모아모찜닭,2021,6,5,0,0,0,0,0
헤어7반장,2019,4,4,0,0,0,0,0
탠몬스터,0,0,0,0,0,0,3,3
스윙마젤,0,0,0,0,0,0,186710,13692
바른생활샌드위치,0,0,0,0,0,0,10,0
커피볶는집,2021,3,0,0,0,0,80583,2987
샌드어스(SANDUS),0,0,0,0,0,0,151981,9163
배터지는생동까스,2023,84,9,0,15,2,173397,12664
아트앤하트,0,0,0,0,0,0,83629,5792
카페라떼르,0,0,0,0,0,0,87210,1875
해법중국어교실,2018,681,112,0,72,0,21615,1243
집중소,0,0,0,0,0,0,84430,832
앤티앤스,0,0,0,0,0,0,276741,35110
바로그집,2019,1,1,0,0,0,1,1
청춘불뼈찜 감자탕,0,0,0,0,0,0,480237,48024
파스타시키면치킨을주는집,2023,33,33,0,0,0,12964,1021
청담족발,2023,14,14,0,0,0,1112478,46351
Ycap,2021,12,0,0,2,0,17,0
화품닭,2022,0,0,0,2,0,2,0
드롭탑(DROPTOP),2023,169,14,23,24,21,272134,8690
재주당,2018,1,2,2019,2,1,2,2
우리동네미미네,0,0,0,0,0,0,52017,4475
온리김치찌개(Only김치찌개),2019,27,25,0,9,5,82582,5466
도레도레,2017,1,0,0,0,0,1,8
커피가예쁘다,2020,6,0,0,0,1,94819,2645
88옛날통닭,2019,2,2,0,0,0,116561,2723
모닝글로리,0,0,0,0,0,0,219616,5842
추억닭발,2023,2,1,0,0,0,3,1
어바웃샤브,2023,10,0,0,0,0,323723,5665
닭봉씨치즈순살두마리치킨,0,0,0,0,0,0,58134,4935
안성파닭,0,0,0,0,0,0,3,0
패럴랙스학원,2023,297,26,0,15,19,4282,230
약석원,2020,1,1,0,0,0,0,0
스마트데이터복구,2018,0,0,0,0,0,12,0
제레미20(Jeremie20),0,0,0,0,0,0,322966,37498
다솥맛집,0,0,0,0,0,0,974220,15273
피자와치킨,0,0,0,0,0,0,132946,11127
초민감자 브레인 힐링센터(Empath Korea Healing Center),2022,1,1,0,0,0,0,0
돈불1971,0,0,0,0,0,0,676000,33800
또와유 명태간장조림,0,0,0,0,0,0,522119,13923
삼미당,0,0,0,0,0,0,361282,36128
매반생면,2023,5,0,0,0,0,18544,835
스타일맨,2023,4,0,0,0,0,4,0
툭툭 치킨,0,0,0,0,0,0,1,0
텐코인,0,0,0,0,0,0,5,0
우럼마왕만두,2023,29,2,0,5,0,31,0
성윤국가대표아구찜앤알곤이찜,2023,11,0,7,0,0,0,0
그래도달,0,0,0,0,0,0,20,0
기막힌뒷고기,2019,5,0,0,0,0,194146,7467
오래오래장충동왕족발보쌈,2023,3,0,0,0,0,64453,2927
하랑은상자초밥&amp;모밀,2019,4,1,0,1,0,6,1
피자 마켓 컴퍼니(pizza market company),2019,3,3,0,0,0,0,0
이번지 깡통집,2016,9,3,1,9,2017,245251,11610
브리앙뜨 워터키즈룸,2023,5,5,0,0,0,77386,1903
힐링초이스,2019,2,0,0,0,0,0,0
미친가리비,2018,2,2,0,0,0,0,0
빙고샵,0,0,0,0,0,0,172180,15440
예가수제순대,2021,3,0,0,0,0,5,0
이루리디자인연구소,2018,0,0,0,2,0,5,1
고정현헤어,2023,23,4,0,0,1,676509,12707
마호가니,0,0,0,0,0,0,667622,7358
한식주점낭만,0,0,0,0,0,0,425951,14094
열공스터디카페,2019,19,9,0,0,0,105595,2109
크린디포,2019,1,0,0,0,0,1,1
에즈헤어라운지,0,0,0,0,0,0,8,0
금화왕돈까스,2023,50,6,0,3,6,578380,13671
정갈한찬,2023,3,0,0,0,0,244369,5639
오니기리와이규동,0,0,0,0,0,0,182791,14795
스시오블랙컨테이너,2022,6,0,2,6,2023,764524,12894
고래국밥1980,2023,8,4,1,0,0,322000,15581
미락육회막국수,2023,2,3,0,1,0,232133,5414
먹쉬돈나,0,0,0,0,0,0,93173,61494
소고산제일루,2023,1,0,0,1,0,0,0
꼴깍치킨 Beer Pub,2016,9,1,0,0,0,0,0
킹콩샤워,2022,1,7,19,2023,19,136778,908
SUDDEN STEAK(써든스테이크),0,0,0,0,0,0,267400,8682
청도미나리식당,2023,5,5,0,0,0,325209,13008
라드커피(LAD COFFEE),0,0,0,0,0,0,207200,6324
WINEBOW(와인보우),2023,4,6,0,2,0,107632,7175
초이진헤어,2023,3,0,0,0,0,0,0
육회한 감전통닭,0,0,0,0,0,0,163991,8227
민영활어공장,0,0,0,0,0,0,819844,56622
전국3대치킨 오성통닭,0,0,0,0,0,0,178933,11809
요거트월드,0,0,0,0,0,0,213650,16387
장금수부대찌개,0,0,0,0,0,0,192086,6435
숯불의 향기,2019,5,1,0,2,1,185739,4508
마이리틀프렌드,0,0,0,0,0,0,26793,1427
김스타치킨,2018,42,21,0,2,13,254202,9777
볼빨간아구찜,2023,7,1,3,0,0,143000,8044
묵향,0,0,0,0,0,0,156739,7836
배터리몬스터,0,0,0,0,0,0,72232,5296
잉글리시 브레인 스튜디오,0,0,0,0,0,0,42534,3946
하태준의 효자동닭꼬치,2023,14,13,0,4,0,1,0
냉삼회관,2023,20,11,0,0,0,351878,16917
돈불식당,0,0,0,0,0,0,154764,10318
고래국밥1980,2023,8,4,1,0,0,322000,15581
리츠펫(ritzpet),2023,7,5,1,0,1,67704,400
서울미트볼,0,0,0,0,0,0,316708,18564
루다와인상점,2023,8,4,0,1,0,84073,4929
국제쭈꾸미1981,2021,1,0,0,0,0,234385,8878
CROCRO (크로크로),2019,3,0,2,6,0,7,1
바소,2023,2,0,0,0,0,77861,6229
서가 김푸드 연수해물나라,0,0,0,0,0,0,841140,13995
맛없으면 환불해주는 장군집,2023,6,0,0,9,0,266542,26654
피아노리브레,2019,8,2,1,1,0,8,0
우리동네미미문방구,0,0,0,0,0,0,134456,12113
핸드메이드,0,0,0,0,0,0,1870,8
세탁풍경,0,0,0,0,0,0,10,0
석쇠꾼,0,0,0,0,0,0,2,62445
고집132,2023,8,6,0,1,0,778923,21045
감동식혜,2023,0,2,0,10,0,60983,0
귀품찬 국밥과 해장국,0,0,0,0,0,0,1,0
아메리칸트레이,0,0,0,0,0,0,229824,8337
토대력,2023,20,0,0,2,0,287848,9276
킥고잉(KICKGOING),0,0,0,0,0,0,41981,0
맛을그리다오상미,2020,13,13,0,0,0,365984,80516
케어마인심리상담&코칭센터,2023,0,0,0,0,0,1,1
즉석국물떡볶이 달쫀,0,0,0,0,0,0,148029,10080
돼지랑찌개랑,0,0,0,0,0,0,282239,12466
준오헤어,2022,2023,9,5,11,163,1524784,18500
오토큐(Auto Q),0,0,0,0,0,0,61,1066550
귀품찬 불백집,0,0,0,0,0,0,5,0
The 대단한커피,0,0,0,0,0,0,60853,5182
떡가대표,0,0,0,0,0,0,38827,3212
럭키세븐콜,2020,3660,709,266,3660,2021,3217,0
신나불고,2018,0,0,0,2,0,2,0
크린테크,2021,9,0,0,0,0,13,0
크렘드마롱,2021,2,2,0,0,0,2,1
꽉찬쌀통닭,0,0,0,0,0,0,134304,10810
크린플러스,2019,10,0,0,1,2,66297,5666
인기가요,2019,1,1,0,0,0,0,0
지니어스 뮤직 코리아,2019,1,1,0,0,0,0,0
바닷물만난콩이:두부야,2023,94,1,0,0,0,192946,15422
티팩토리912,2019,0,0,2,1,0,4,3
콩닥콩닭,0,0,0,0,0,0,12,1
찐하오 마라탕,0,0,0,0,0,0,320578,18173
망티커피,0,0,0,0,0,0,199727,8440
픽싸(PIXXA),2019,1,1,0,0,0,0,1
어부신광호,0,0,0,0,0,0,1,1
본정,2019,3,0,2,0,0,243629,11376
오복집,2020,1,1,0,0,0,0,0
솔레아스,2023,11,6,0,0,0,449167,0
홍대개미,2023,36,0,2,6,2,41,19
짝태시대,2019,2,0,0,0,0,0,1
잉치킨,0,0,0,0,0,0,299793,17424
오식야주육회관,2019,7,1,0,1,0,303103,15029
롯데프레시(LOTTE FRESH),2023,135,30,1,3,6,1910229,25218
MVM iPT(엠브이엠아이피티),2023,3,3,0,0,1,0,0
셰프의국수앤육개장,2023,3,1,0,1,0,406759,19369
k-guesthouse,2023,7,0,0,0,0,321894,1705
소소모소(SOSOMOSO),2021,1,0,0,0,0,1,1
유피학습,2019,11,0,0,2,0,15,5
용진집,2019,1,0,0,0,0,0,1
박승철헤어스투디오,0,0,0,0,0,0,473235894,10244787
참치몬스터,0,0,0,0,0,0,13,1
럭셔리바이,0,0,0,0,0,0,1,0
육칠이,0,0,0,0,0,0,535799,39197
스펙터,2023,9,0,0,0,0,447919,43474
제주in짬뽕,0,0,0,0,0,0,1,1
월홍갈비,2019,5,1,0,0,1,264298,7143
청해찜탕,0,0,0,0,0,0,176938,12885
Bread Farm(빵농장),2021,2,2,0,0,0,2,0
퍼스트보드게임카페,0,0,0,0,0,0,388614,4187
글라스스토리,0,0,0,0,0,0,193995,8026
엠브이피자,2023,8,8,0,0,0,1519532,75039
대패상회,2023,21,21,0,0,1,236685,7312
모미락,2021,19,5,0,0,0,282125,17560
육회한 감전통닭,0,0,0,0,0,0,163991,8227
레몬비,0,0,0,0,0,0,113741,6531
조이매스,2021,164,11,8,0,0,159,0
광장갈비,2018,2,2,0,0,0,0,0
영다방,2023,3,0,0,1,0,92500,12210
젠요가,2018,7,1,3,7,2019,356776,1779
트리2790(TREE2790),2023,0,0,0,1,0,1,1
터치카페,2020,42,5,0,5,0,23171,6881
빅다방,2018,16,0,0,5,0,71623,5305
마스터피자쏭,2023,10,2,0,0,0,262781,18041
유동커피,0,0,0,0,0,0,323301,8995
육칠팔찜,2017,0,0,0,0,0,1,0
명계찜닭화덕치킨,2018,3,0,0,0,0,3,1
키친랩,0,0,0,0,0,0,4,2
스와니코코,0,0,0,0,0,0,20,5
명태천국 명태조림감자탕,0,0,0,0,0,0,2,4
통큰두마리찜닭,2023,20,4,2,33,2,133366,7331
벱하노이(Bep HANOI),2021,2,0,0,0,0,0,0
피맥컴퍼니,0,0,0,0,0,0,4,0
내가진짜떡볶이다,2019,26,20,0,4,1,264885,58518
장윤조가마솥국밥,0,0,0,0,0,0,2,3
치킨투어237,2019,3,3,0,0,0,0,0
멘무샤조이,0,0,0,0,0,0,24788,2406
프라이빗(PRIVIT),0,0,0,0,0,0,416124,5889
달링스테이크,2019,5,2,0,0,0,254023,13551
뽕도리신,2023,3,1,1,1,0,144406,4868
탑플레이스피씨카페(PC CAFE),2023,32,0,1,4,0,400243,5376
다온다자동차유리,2023,12,3,0,10,0,21,2
노래하는크레용,2023,87,8,16,0,0,71296,0
콩사돈,2019,11,0,0,4,0,290658,10656
골프존파크(GOLFZON PARK),2022,1,760,4,28,0,436021,256
류별난닭발,0,0,0,0,0,0,1,0
씨채널,2019,10,11,0,1,0,7,181040
해골피자(HAEGOAL PIZZA),0,0,0,0,0,0,84126,7606
푸드더하기,2021,4,0,0,2,1,0,0
금뿔이구집,0,0,0,0,0,0,1,0
크로플덕오리아가씨,2023,68,26,0,28,9,101089,10620
착한쭝식,0,0,0,0,0,0,387223,17470
동해강릉초당짬뽕순두부,2023,12,8,0,0,0,241409,9026
퐁닭,2021,0,0,0,0,0,14992,1008
커피셀러,2019,3,3,0,0,0,0,0
맥주활력수,2019,8,5,0,0,0,275745,10655
호토모토(HottoMotto),0,0,0,0,0,0,135392,9598
닥터맘산모도우미,2023,24,2,2,1,0,320105,0
태극안경콘택트,2018,11,1,3,11,2019,383781,8640
한강텐트대여 피크닉109,0,0,0,0,0,0,21638,738
자담인,2023,10,0,3,0,0,21503,1336
바다향왕코다리,0,0,0,0,0,0,685053,34081
홉슈크림,2023,1,0,0,1,0,116141,16562
무꼬뭐꼬떡볶이,0,0,0,0,0,0,47172,3312
빅원치킨,0,0,0,0,0,0,107780,8698
헤이스쿨스,2019,4,4,0,0,0,0,0
카페텀블러,2019,9,7,0,1,0,0,0
OCIC네호호감자탕,0,0,0,0,0,0,2,1
곰미커피,0,0,0,0,0,0,3,1
한빵울,2021,5,4,0,1,0,66446,4921
DON돈까츠,2019,6,1,0,0,0,203350,14789
홍익스테이크,0,0,0,0,0,0,163810,14226
옥토넛 키즈풀,2023,6,6,0,0,0,102793,2803
포차썸데이,0,0,0,0,0,0,2,0
아리아리닭강정,2019,17,3,0,5,0,46324,6827
홍익궁중전통육개장,0,0,0,0,0,0,294904,6886
중고폰 브라더스,0,0,0,0,0,0,35774,4099
엠팸,2019,9,4,0,0,0,0,0
탕쓱잘튀기는집,0,0,0,0,0,0,32958,2464
닭에꼬치닭,0,0,0,0,0,0,124556,2488
고수의 운전면허,2023,72,14,3,6,4,66,93621
메고지고,0,0,0,0,0,0,72685,4704
치킨갱스터,0,0,0,0,0,0,103496,5816
치킨쥼,0,0,0,0,0,0,88247,4541
안남순 제육찌개,2021,13,13,0,0,0,0,0
삼미대포,2023,4,0,0,1,0,669160,20911
수향그릴면가여름도겨울,0,0,0,0,0,0,4,3
토스토어,0,0,0,0,0,0,1,0
락꼬꼬,2015,8,1,2,2016,2,27432,1253
밥FULL,2018,29,16,1,0,0,148977,13656
프랭크서울,2019,38,6,0,7,1,49,0
88켄터키치킨&떡볶이,2022,46,0,0,9,5,55,0
블랙슈가,2021,0,0,0,0,0,1,1
더앨리(THE ALLEY),0,0,0,0,0,0,109385,4359
포항황소곱창,2019,8,8,0,0,0,327105,13084
쏘핫 마라탕 마라샹궈,2023,12,2,3,2,0,257079,13862
바비큐BOX,2019,8,0,0,0,0,52540,3740
애니데이,2018,5,0,0,4,0,9,5
동성로매콩돈까스와 냉면,2018,9,1,0,2,0,284699,14984
스시한판,2023,2,0,2,0,0,894397,61114
카페글렌,2020,68,3,0,15,6,69424,2952
맹스숯불치킨,2019,2,1,2,0,0,0,0
열정담은 국물집,2019,13,9,0,0,0,155694,7081
가마깨비,0,0,0,0,0,0,2,0
혼삼,2023,12,2,0,1,0,269855,15669
마신떡볶이,2023,3,0,0,0,0,8,1
팔공냉면,0,0,0,0,0,0,371604,36067
젠틀루뉴욕,2019,5,4,0,0,0,0,0
대만샌드위치 티앙웨이,2021,4,0,0,12,0,0,0
가츠몽,0,0,0,0,0,0,4,211704
레드애플,2023,9,6,4,0,0,157910,8623
아구찜 휘날리며,2023,3,1,0,7,1,0,0
딸기가좋아,2020,1,0,0,1,0,2,9
삼꾸미집,0,0,0,0,0,0,2,1
경성일번가,0,0,0,0,0,0,20,0
투다리,2023,1349,59,9,79,114,177995,11535
부곡하와이,2021,1,1,0,0,0,0,0
고래냉면1980,2023,17,7,0,2,0,223193,12359
진도리 닭도리탕,0,0,0,0,0,0,11,0
전준수명품청기와감자탕,2023,22,0,0,0,0,668936,18948
푸른바다찜탕,0,0,0,0,0,0,265139,14235
강순자옛맛김치찌개,2023,45,15,7,1,1,319818,21003
ALI★TOGO★STAR(알리투고스타)커피,2023,1,1,0,0,0,0,0
소도둑,2019,31,13,0,5,0,620407,13026
연꽃치,0,0,0,0,0,0,409964,19055
몬나니떡볶이,2019,7,0,4,4,0,123640,7754
김밥천국,0,0,0,0,0,0,52,0
카페야(Cafe Yah),2021,1,1,0,0,0,0,0
조선밥도둑,2021,1,1,0,0,0,0,0
LQL터쿼이즈(TURQUOISE),0,0,0,0,0,0,1,0
하다,2019,1,0,0,1,0,3,0
애니필라,2019,2,2,0,0,0,0,0
효자막창,2019,13,7,0,1,0,348061,12326
묵향,0,0,0,0,0,0,156739,7836
약초마을,0,0,0,0,0,0,601328,5619
싱싱난리부르스 5000냥,2018,16,0,2,1,1,138526,3179
오술차,2023,17,2,4,1,1,23,9
텐바이텐,0,0,0,0,0,0,291718,12186
불위에서노는닭,0,0,0,0,0,0,1,1
명장복집&amp;24시명장복국,0,0,0,0,0,0,413800,4926
더쿠네오리바베큐,2021,3,1,0,1,0,0,0
홍초불닭발&막창,2023,8,12,0,7,1,110410,0
국제쭈꾸미1981,2021,1,0,0,0,0,234385,8878
불로만치킨바베큐,0,0,0,0,0,0,80260,3792
친정,2019,1,1,0,0,0,0,0
쏘핫 마라탕 마라샹궈,2023,12,2,3,2,0,257079,13862
수파두파,2018,5,1,0,0,1,0,0
대패상회,2023,21,21,0,0,1,236685,7312
시아북카페,2023,3,0,2,3,0,0,0
마시내 나홀로짜장,0,0,0,0,0,0,20,0
김장하는 고깃집 향산리,2021,0,0,0,0,0,5,0
명랑회관,2022,2,0,1,0,0,3,1
도톰카츠,0,0,0,0,0,0,165214,11230
YBM리딩클럽,2020,747,23,0,5,2,7465,856
리메이드,0,0,0,0,0,0,8165,652
혼삼,2023,12,2,0,1,0,269855,15669
희귀한족발,2019,34,34,0,0,0,19105,0
뚱뚱이할머니족발보쌈,0,0,0,0,0,0,34449,2703
막돼먹은막창,2018,5,0,0,1,0,25,9637
?팔이(TOM82),0,0,0,0,0,0,540424,8578
무국식탁편백집,2023,3,0,1,0,0,4,11
헬로우컷,2023,49,4,2,1,1,43,0
착한막창,0,0,0,0,0,0,274634,4930
순살치킨을잘튀기는집,2023,33,33,0,0,0,18628,1495
한강텐트대여 피크닉109,0,0,0,0,0,0,21638,738
과일팜,2023,2,2,1,0,0,134245,9944
가리본가,2019,2,2,0,0,0,0,2
도쿄팡야,0,0,0,0,0,0,258081,7959
명월카츠,0,0,0,0,0,0,183862,9606
one&amp;two깻잎두마리치킨 (원앤투깻잎두마리치킨),2017,18,18,0,0,0,11530,770
스팀맨,0,0,0,0,0,0,7836,368
진지덮밥&돈가스,0,0,0,0,0,0,154360,7782
개인화로 한우전문 미소,2018,1,0,0,0,0,0,0
과일팜,2023,2,2,1,0,0,134245,9944
헌터스문,0,0,0,0,0,0,341287,5963
프레리 키즈카페,2019,3,0,0,0,0,157337,1453
회덮밥전문점인마루,2018,24,0,2,5,0,148121,7989
세겹뚱이,2019,5,5,0,0,0,0,0
맛없으면 환불해주는 김치찜,2023,16,16,0,0,0,70307,7037
color room(컬러룸),2022,1,1,1,2023,1,1,2
바른찌개밀키트,0,0,0,0,0,0,4,671
수원왕갈비통닭,2023,10,3,3,22,0,84057,7759
백마크리닝R,2019,54,54,0,0,0,47044,3881
윤이불닭발,2021,64,59,0,0,0,283300,16621
라라라서프,0,0,0,0,0,0,257972,22402
이마트에브리데이,2023,2,7,4,5,0,3,1
광안천지식당,2021,6,6,0,0,0,397080,25172
도쿄이찌바,2023,17,0,2,0,0,564878,24394
공씨네주먹밥,0,0,0,0,0,0,25053,2138
김봉남포장마차,2023,8,0,0,1,0,301973,12232
고기;자리,0,0,0,0,0,0,1,1
조선육개장38,0,0,0,0,0,0,2,1
대장부,0,0,0,0,0,0,451899,13990
묵소,2019,4,0,1,0,0,3,0
짬뽕순두부,0,0,0,0,0,0,20559,565
호수꼬치,2021,25,7,0,8,1,139001,8453
브리즈번버거앤비어,2023,1,1,0,0,0,0,1
자담인,2023,10,0,3,0,0,21503,1336
악마의비빔밥비빌,2023,26,17,0,0,0,195590,11603
육터닭,2021,4,4,0,0,0,192292,10551
굽는치킨,0,0,0,0,0,0,62398,5148
순수치킨,0,0,0,0,0,0,227888,15556
하다,2020,1,0,0,0,1,2,0
Uber Taxi (우버택시),2023,7427,4316,0,39,0,18766,0
코코리,2019,1,1,0,0,0,0,0
꼭그닭치킨,0,0,0,0,0,0,506057,7324
알리바바(ALIBABA),2023,27,1,2,10,2,60,0
NE능률 주니어랩,2020,592,34,3,43,4,2085,93
키즈베베,2023,12,5,7,0,2,135114,10452
이동근선산뒷고기,2019,8,2,0,2,0,281250,6250
꾸이덮밥잘하는집,2023,43,43,0,0,0,12317,985
맛쭈서해쭈꾸미,2018,11,0,0,3,0,280223,6822
뿌기떡볶이,2021,2,2,0,0,0,0,0
아구신랑콩나물색시,0,0,0,0,0,0,2,1
3분마트,2023,8,5,0,3,0,30155,3015
진고래아구찜해물찜,2023,8,0,6,4,0,104875,4687
젓가락 스테이크 굽다,2019,1,0,0,1,0,3,3
보일링몬스터,0,0,0,0,0,0,3,1
리얼디(Real D),2018,0,0,0,0,0,1,2
퍼스트플로어,2019,4,3,2020,3,1,184734,2129
필랜드 예술원,2019,4,1,0,0,1,0,0
재능스스로러닝센터,2020,60,4,10,0,3,18,51
렌즈나인(LENS NINE),0,0,0,0,0,0,200039,19764
고기플렉스,2023,13,13,0,0,0,104832,6011
젠틀루뉴욕,2020,5,1,0,0,0,284873,9262
갓츠킹,2023,48,6,0,29,1,60094,5340
카툰공감,2019,6,0,0,3,0,106041,1619
홍담동홍게우동집,2021,3,1,0,6,0,6,0
더볶이,2021,1,1,0,0,0,0,0
오오샵,2023,7,0,0,0,0,119716,3689
미트락,2019,1,0,0,0,0,0,0
골든스터디카페,2021,10,0,0,0,1,5,1
토고리 옛날막창,2023,26,3,0,4,3,223781,9620
플라이번지 피트니스,2021,8,8,0,0,0,196635,2834
비즈위즈공유오피스,0,0,0,0,0,0,2,2
마이쥬스,2023,6,0,0,1,0,178096,9572
바다생협,0,0,0,0,0,0,5,0
짐승파스타,2019,0,0,0,0,0,1,1
타코로,2023,9,9,0,0,0,0,0
곱창파이터,2019,15,8,0,5,0,171467,7751
수학여우,0,0,0,0,0,0,16455,437
아이스헌터,2023,36,37,0,1,0,154030,15196
홍희통닭,2023,38,12,0,2,0,25,0
낚시꾼 김춘복의 도시어부,0,0,0,0,0,0,867854,46247
아리아(ARIA)센터,2023,11,2,0,6,1,195893,3269
해쉬커피,2023,18,4,0,0,0,252020,18582
폰스타일,2019,16,1,7,0,4,89085,14694
지니위니,0,0,0,0,0,0,7,0
더샘(the SAEM),2023,42,2,8,0,2,306045,28474
포25(PHO25),0,0,0,0,0,0,276119,18535
큰집아저씨,2018,6,0,0,0,0,7,0
청담족발,2023,14,14,0,0,0,1112478,46351
화씨이육공,2023,2,1,0,0,0,0,0
박공헤어,0,0,0,0,0,0,246978089,10028547
공브라더스,0,0,0,0,0,0,243746,2664
배터지는갈비,0,0,0,0,0,0,644065,10903
시카고뷰티랩,2022,2,2,2,2023,2,4,2
옵티마,2023,852,12,0,1,1,841,0
바론떡볶이,2016,1,1,0,0,0,0,0
이태리국시 (Italy guksi),2019,2,1,0,0,2,0,0
한가네숯불닭갈비,0,0,0,0,0,0,411290,14169
골든튤립,0,0,0,0,0,0,5064846,8747182
해이슬치킨,2015,2016,0,2,0,4,88897,4344
김치볶음밥잘볶는집,2023,78,78,0,0,0,58963,4446
악동통큰떡볶이,0,0,0,0,0,0,1,0
몽키스비어,2019,9,0,2,0,0,192631,10689
국밥집 막내아들,2023,3,3,0,0,0,57016,5702
쉬림진,2019,3,1,0,0,0,0,0
분식대장,2023,0,0,1,0,0,2,1
카페 오디디오,2023,2,0,0,0,0,180000,14400
카페희다,2023,23,4,12,2,0,212561,10199
타블도트(TABLE DHOTE)컨템포러리라운지,0,0,0,0,0,0,218504,5293
홍익궁중전통육개장,0,0,0,0,0,0,294904,6886
예술치킨(artchicken),0,0,0,0,0,0,453162,30059
롯데마켓999(LOTTE market999),2017,42,5,7,2,4,703351,18584
해골피자(HAEGOAL PIZZA),0,0,0,0,0,0,84126,7606
곱창집,2021,0,0,0,0,0,344531,11880
피자베이,2023,20,2,0,7,1,295881,22975
정정아식당,0,0,0,0,0,0,341291,8495
좋은습관 PT STUDIO,0,0,0,0,0,0,429301,8586
십리향,2020,1,1,0,0,0,0,0
다다르다,2022,1,8,14,2023,14,64984,1112
두가지떡볶이,0,0,0,0,0,0,145386,13850
강구항 돗대골뱅이,0,0,0,0,0,0,1,1
만식이네와인포차,2020,8,1,0,3,0,124214,11292
코끼리가반한핫도그,2019,9,4,0,3,0,7,1
김장하는 고깃집 향산리,2021,0,0,0,0,0,5,0
패스트카페,2023,3,4,3,6,1,20247,2704
쁘띠몽드(PETITMONDE),2019,2021,0,2020,0,0,0,1
가마솥철마한우곰탕,2019,5,5,0,0,0,0,0
본건강한상,2021,8,0,0,4,1,169455,14431
배달짜글OH짜글,2019,37,37,0,0,0,50188,4615
카페코드 브라운브릭스,2023,0,2,0,2,0,0,0
보리밥보쌈전문점보릿골,2018,8,2,8,2019,8,10,0
은행먹은 명가보쌈,2019,5,6,0,1,0,0,0
픽스치킨(PICKS CHICKEN),2022,1,1,0,0,0,340826,11903
전통가마솥김치찜,2018,4,4,0,0,0,0,0
소한마리몽땅무쏘,2019,48,17,0,17,3,559276,8231
덕자네방앗간,2018,4,3,1,0,0,211591,10767
큰정할매순대국,0,0,0,0,0,0,294314,9673
고기미담,0,0,0,0,0,0,438665,19695
고바우통닭,0,0,0,0,0,0,117959,5632
아이스헌터,2023,36,37,0,1,0,154030,15196
엉클박스,0,0,0,0,0,0,203500,8568
돼지곱닭,0,0,0,0,0,0,125772,1
카페 오디디오,2023,2,0,0,0,0,180000,14400
미사랑임실치즈피자,0,0,0,0,0,0,57819,4176
샌드어스(SANDUS),0,0,0,0,0,0,151981,9163
헤어그라피,0,0,0,0,0,0,1,0
원퍼밀커피,0,0,0,0,0,0,314220,62768
김헌의행복골프,0,0,0,0,0,0,266203,2584
브리오슈도레(BRIOCHE DOREE),2020,2,0,0,0,0,289727,1708
순살만 1등치킨,0,0,0,0,0,0,105323,9575
와우버거,2023,10724,363657,155014,1058811,-1050,0,0
마피아떡볶이,2023,45,0,0,21,3,94390,6169
모락떡볶이,0,0,0,0,0,0,154409,9944
민혁이네 외국포차,2021,0,0,0,8,0,7,8
폴링(Paul Ring),2018,4,1,0,0,0,3,0
스테이크&amp;부대찌개브라더스,0,0,0,0,0,0,2,2
싱싱난리부르스,2019,10,1,7,0,0,171649,3593
스마트짐,0,0,0,0,0,0,2,3
꼭그닭치킨,0,0,0,0,0,0,506057,7324
라이라이중국어,2018,28,0,0,4,0,34,0
붐바타,2022,5,0,0,0,0,276911,10384
도도세차,2019,8,0,0,2,0,0,0
딥스치킨,2016,5,1,0,3,0,14,7
망원동티라미수,0,0,0,0,0,0,91616,5298
터치카페,2020,42,5,0,5,0,23171,6881
다온다자동차유리,2023,12,3,0,10,0,21,2
서남왕족발,0,0,0,0,0,0,4,4
껀어네방앗간,2021,7,7,0,0,0,0,0
조대포,2019,11,4,0,1,0,260828,7049
칼리가리 박사의 밀실,0,0,0,0,0,0,1,10301
비알씨디(BRCD),0,0,0,0,0,0,1,3
정진관의일품정,2021,2023,0,2022,0,0,0,1
오징어파는언니,0,0,0,0,0,0,65479,4155
예신,0,0,0,0,0,0,27,0
원셀프안경콘택트,2018,2,2,0,2,2019,1,2
새우치킨덤,2023,37,8,18,2,0,71453,6504
닭가대표,0,0,0,0,0,0,228944,19372
소소한쌈,2020,2,0,0,2,1,0,0
빠스타그램,2023,3,1,0,0,0,231510,9041
오복솥뚜껑,2023,7,4,0,0,0,917949,28100
원셰프의 행복식탁,2021,36,37,0,1,0,0,0
라붐커피 (LABOOM COFFEE),0,0,0,0,0,0,1670000,18370
ALI★KENYA★STAR(알리케냐스타)커피,2023,6,0,0,1,0,179428,2002
스파나무,2023,9,0,2,0,3,185427,5275
비에뜨반미,2019,37,12,0,10,3,70745,5462
94번가,0,0,0,0,0,0,183251,6441
홀리카홀리카,2021,19,3,6,0,0,310,0
샤인나노케어,2023,3,0,0,0,0,3,1
DELIGHT6(딜라잇식스),0,0,0,0,0,0,4,0
성대생우동짜장,2023,3,0,0,0,0,0,0
막창로2가 삽교곱창,2023,10,12,0,5,0,89886,6981
송옥,2021,4,0,0,0,0,865502,22411
포차플레잉,2019,6,0,0,0,0,880119,6439
속초네어장,2018,1,0,0,1,0,2,2
돔베초밥,2019,8,1,0,0,2,1217009,11869
아메리칸트레이,0,0,0,0,0,0,229824,8337
갓스칼프,0,0,0,0,0,0,3,1
바람의핫도그,2019,4,3,0,0,0,0,1
재성밀면,2020,3,2,0,0,0,0,1
코코래빗,2023,63,6,6,2,0,0,0
장충미도왕족발보쌈,2023,1,0,0,0,0,1,0
소소한날,2020,1,0,0,0,0,0,0
샌드그립(SANDGRIP),2019,17,17,0,0,0,121077,12108
아재불닭발,0,0,0,0,0,0,3,1
명태어장,2023,57,11,0,7,0,404063,10065
김양비어,2021,18,0,0,12,0,91341,3993
셀파수학교실,2018,2172,455,107,230,0,5143,611
소소린,2019,28,24,0,2,1,97981,0
쫄쫄맨,0,0,0,0,0,0,28422,2842
곤지암 한우 소머리국밥,2023,25,4,2,5,1,116773,3720
나베야,2022,3,0,0,3,2023,3,1
장미꽃 떡볶이&라면,2023,14,15,0,1,0,46616,4648
첫번째필족사랑,2023,5,0,0,1,0,100959,5447
청춘낙곱새,2022,5,1,0,0,0,1,1
원퍼밀커피,0,0,0,0,0,0,314220,62768
900달러,0,0,0,0,0,0,2,1
블루페퍼(BLUE PEPPER),0,0,0,0,0,0,1,0
김선하의 닭갈비 궁중누룽지탕,2023,2,0,0,0,0,0,0
브런치가든,0,0,0,0,0,0,643159,12732
롯데슈퍼,2017,66,7,2,2,2,2,361
큰통치킨,0,0,0,0,0,0,51029,3472
바닷물만난콩이:두부야,2023,94,1,0,0,0,192946,15422
코리엔탈깻잎두마리치킨,2023,154,21,63,0,0,142754,9379
비타리움,0,0,0,0,0,0,237273,20259
와이낫떡볶이,2023,2,0,0,1,0,79545,7565
봄이보리밥,2022,6,5,0,0,1,906686,18722
휘카페(Whicafe),2018,6,6,0,0,0,0,0
어반테니스 (URBAN TENNIS),2023,4,0,0,0,0,283142,2456
탭플레이(TAPLAY),0,0,0,0,0,0,63059,6151
제임스치즈등갈비,2018,4,0,0,2,0,10,0
바로쿡스파게티스토리,0,0,0,0,0,0,3,0
한고집복국,2018,7,5,0,3,0,259273,7031
배터리커피(BATTERY COFFEE),2021,1,1,0,0,0,264000,13200
비타리움,0,0,0,0,0,0,237273,20259
순탄고기,2019,1,1,0,0,0,0,0
호성이골뱅이,0,0,0,0,0,0,1,2
더플롯커피(THE PLOT COFFEE),2023,7,0,0,1,0,169804,9585
육마니 옛날전통육개장,2023,15,0,0,0,3,166729,4015
쿡쿡쿡(CookCookCook),0,0,0,0,0,0,95017,2612
꼬치마요,2022,9,2,2023,2,7,557749,27032
오가닉 빅마트,2019,2,0,0,0,0,2,1
떡통령의 빨간철가방,0,0,0,0,0,0,20,0
맥스피드PC,2022,49,0,7,0,0,57,0
밥스테이크,2019,10,0,2,4,1,10,0
마호가니,0,0,0,0,0,0,667622,7358
건강밥상 심마니,0,0,0,0,0,0,1200621,9877
수코미치,0,0,0,0,0,0,241246,17232
비거커피,2021,1,0,0,0,0,0,0
마케집,2022,16,15,16,2023,16,1,0
신복관,2023,14,2,2,3,0,305750,9862
라비앙르로즈(LA VIE ENR ROSE),0,0,0,0,0,0,500626,9553
쭈꾸밍,0,0,0,0,0,0,277432,49757
천하무족,0,0,0,0,0,0,1,1
얼큰이찌개마을,2018,31,3,12,0,2,310290,13471
풀오브어스(FULL OF EARTH),0,0,0,0,0,0,388170,18458
과일을 담다,2018,3,3,0,0,0,58489,4618
제주설심당,0,0,0,0,0,0,186364,5093
위스키브라더스,2023,2,1,0,0,0,265880,6922
푸른바다찜탕,0,0,0,0,0,0,265139,14235
